군구명,행정구역(동읍면)별,항목,10세미만,10대,20대,30대,40대,50대,60대,70대,80대,90대,100세이상
중구,연안동,남자인구수 (명),120,151,361,369,481,737,694,298,107,13,0
중구,연안동,여자인구수 (명),102,173,260,235,321,525,634,338,194,41,2
중구,신포동,남자인구수 (명),133,178,294,283,429,462,417,275,113,12,0
중구,신포동,여자인구수 (명),106,166,242,227,359,399,410,354,200,44,2
중구,신흥동,남자인구수 (명),401,580,875,831,1068,1218,1018,524,192,14,0
중구,신흥동,여자인구수 (명),396,542,731,714,934,1046,1044,655,322,64,0
중구,도원동,남자인구수 (명),57,145,249,197,298,380,364,245,74,9,0
중구,도원동,여자인구수 (명),69,112,181,164,242,330,409,291,127,25,1
중구,율목동,남자인구수 (명),54,93,183,166,265,348,299,201,49,5,0
중구,율목동,여자인구수 (명),34,97,149,112,207,261,318,249,115,25,0
중구,동인천동,남자인구수 (명),97,142,321,386,437,653,580,318,129,16,1
중구,동인천동,여자인구수 (명),97,143,273,285,288,456,527,371,248,59,4
중구,개항동,남자인구수 (명),139,218,405,389,530,678,659,391,130,17,0
중구,개항동,여자인구수 (명),114,230,356,289,426,560,735,519,262,32,2
중구,영종동,남자인구수 (명),576,739,1312,1674,1677,1744,1422,538,170,22,3
중구,영종동,여자인구수 (명),554,671,1067,1122,1249,1333,1201,537,306,73,2
중구,영종1동,남자인구수 (명),3500,2584,1853,4134,5038,2400,1369,688,160,16,1
중구,영종1동,여자인구수 (명),3292,2504,1861,4419,4535,2236,1632,710,285,60,1
중구,운서동,남자인구수 (명),895,1773,3655,3143,3031,2369,1047,533,215,12,2
중구,운서동,여자인구수 (명),820,1569,3988,2128,2607,1751,984,701,312,31,1
중구,용유동,남자인구수 (명),35,56,169,164,293,515,575,315,81,8,1
중구,용유동,여자인구수 (명),38,53,90,93,158,349,512,280,139,37,2
동구,만석동,남자인구수 (명),233,304,417,407,620,653,559,271,95,12,1
동구,만석동,여자인구수 (명),187,288,323,363,546,520,552,354,208,36,0
동구,화수1.화평동,남자인구수 (명),124,238,369,265,440,590,540,342,128,12,0
동구,화수1.화평동,여자인구수 (명),105,222,298,240,388,475,540,426,193,37,3
동구,화수2동,남자인구수 (명),174,284,411,389,645,667,655,385,146,13,0
동구,화수2동,여자인구수 (명),148,317,351,319,526,592,724,549,306,43,2
동구,송현1.2동,남자인구수 (명),401,466,609,691,914,768,729,454,125,8,2
동구,송현1.2동,여자인구수 (명),410,414,567,679,841,808,857,531,215,37,3
동구,송현3동,남자인구수 (명),61,99,213,187,271,365,383,186,84,8,0
동구,송현3동,여자인구수 (명),53,97,165,133,196,285,354,252,168,16,1
동구,송림1동,남자인구수 (명),38,53,91,90,126,120,150,82,29,4,0
동구,송림1동,여자인구수 (명),43,53,77,63,114,119,150,109,79,9,1
동구,송림2동,남자인구수 (명),39,73,159,127,205,263,294,181,86,8,2
동구,송림2동,여자인구수 (명),34,74,91,84,141,192,325,239,148,23,2
동구,송림3.5동,남자인구수 (명),233,334,470,451,659,675,621,366,132,16,2
동구,송림3.5동,여자인구수 (명),182,318,332,372,591,583,668,469,219,37,6
동구,송림4동,남자인구수 (명),253,292,382,591,562,517,368,161,45,5,1
동구,송림4동,여자인구수 (명),249,282,353,466,509,445,367,183,76,14,2
동구,송림6동,남자인구수 (명),279,323,308,385,621,505,468,271,93,5,1
동구,송림6동,여자인구수 (명),251,252,290,391,514,472,530,312,179,50,6
동구,금창동,남자인구수 (명),46,109,147,131,244,236,293,201,75,7,0
동구,금창동,여자인구수 (명),63,79,135,107,181,190,289,279,140,25,2
미추홀구,숭의2동,남자인구수 (명),555,471,1017,1173,1190,1231,1017,537,193,23,1
미추홀구,숭의2동,여자인구수 (명),517,450,904,981,985,1156,1113,704,377,65,5
미추홀구,숭의1.3동,남자인구수 (명),566,418,1004,1278,1131,1083,887,422,178,10,1
미추홀구,숭의1.3동,여자인구수 (명),519,406,1078,1125,920,1106,927,532,326,67,4
미추홀구,숭의4동,남자인구수 (명),523,687,1106,1173,1273,1369,1209,681,214,32,1
미추홀구,숭의4동,여자인구수 (명),513,590,1003,997,1208,1313,1313,788,419,70,2
미추홀구,용현1.4동,남자인구수 (명),321,505,2533,1088,1179,1358,1277,799,300,34,0
미추홀구,용현1.4동,여자인구수 (명),292,445,1443,717,865,1253,1383,977,443,87,2
미추홀구,용현2동,남자인구수 (명),681,696,1282,1479,1367,1379,1165,699,209,19,5
미추홀구,용현2동,여자인구수 (명),598,615,1285,1310,1254,1356,1253,788,366,72,9
미추홀구,용현3동,남자인구수 (명),132,173,553,517,561,715,675,417,171,18,1
미추홀구,용현3동,여자인구수 (명),130,162,367,335,380,566,763,487,271,39,6
미추홀구,용현5동,남자인구수 (명),1995,2539,3446,3200,4205,3865,2758,1217,435,34,0
미추홀구,용현5동,여자인구수 (명),1916,2355,3370,3077,4112,3948,2879,1500,752,133,0
미추홀구,학익1동,남자인구수 (명),1112,1867,2231,1705,2744,2890,2107,975,328,23,3
미추홀구,학익1동,여자인구수 (명),1118,1676,1970,1661,2797,2862,2221,1156,558,97,4
미추홀구,학익2동,남자인구수 (명),506,852,1257,1094,1411,1624,1305,724,246,27,1
미추홀구,학익2동,여자인구수 (명),536,803,1044,977,1412,1666,1493,867,472,82,4
미추홀구,도화1동,남자인구수 (명),833,748,1615,1874,1889,1924,1525,826,285,33,0
미추홀구,도화1동,여자인구수 (명),726,775,1605,1644,1664,1906,1707,997,491,75,2
미추홀구,도화2.3동,남자인구수 (명),1607,1316,1987,3066,2905,2346,2133,925,304,17,5
미추홀구,도화2.3동,여자인구수 (명),1564,1248,1916,2641,2468,2412,2162,1091,544,100,7
미추홀구,주안1동,남자인구수 (명),645,442,2106,2373,1830,1610,1149,437,163,11,3
미추홀구,주안1동,여자인구수 (명),558,437,2114,1855,1344,1503,1165,492,248,52,1
미추홀구,주안2동,남자인구수 (명),463,576,1153,1116,1288,1484,1351,776,257,24,0
미추홀구,주안2동,여자인구수 (명),445,518,951,976,1086,1359,1538,871,457,82,1
미추홀구,주안3동,남자인구수 (명),209,346,642,529,717,754,717,391,126,19,2
미추홀구,주안3동,여자인구수 (명),209,303,542,427,607,727,756,507,233,34,3
미추홀구,주안4동,남자인구수 (명),262,409,894,833,1005,1188,1156,761,264,17,1
미추홀구,주안4동,여자인구수 (명),269,431,755,650,800,1100,1412,884,421,80,0
미추홀구,주안5동,남자인구수 (명),462,607,1376,1629,1554,1656,1377,670,241,17,3
미추홀구,주안5동,여자인구수 (명),473,655,1313,1241,1301,1652,1549,862,455,82,4
미추홀구,주안6동,남자인구수 (명),972,922,1419,1753,2024,1630,1328,670,252,17,0
미추홀구,주안6동,여자인구수 (명),899,890,1378,1613,1779,1613,1615,780,389,84,3
미추홀구,주안7동,남자인구수 (명),262,480,799,698,942,1081,1063,549,213,23,1
미추홀구,주안7동,여자인구수 (명),264,424,680,589,901,1180,1250,761,360,59,2
미추홀구,주안8동,남자인구수 (명),581,926,1485,1315,1629,1844,1521,747,255,26,0
미추홀구,주안8동,여자인구수 (명),578,932,1322,1144,1590,2029,1753,930,442,66,2
미추홀구,관교동,남자인구수 (명),501,669,1010,947,1109,1249,1197,585,162,23,1
미추홀구,관교동,여자인구수 (명),439,654,979,892,1134,1394,1302,601,318,64,2
미추홀구,문학동,남자인구수 (명),379,606,1001,1055,1578,1508,906,370,123,8,1
미추홀구,문학동,여자인구수 (명),366,569,900,804,1244,1099,828,452,210,44,3
연수구,옥련1동,남자인구수 (명),678,962,1397,1171,1502,1808,1287,586,225,25,0
연수구,옥련1동,여자인구수 (명),628,894,1177,1086,1566,1906,1333,774,401,71,0
연수구,옥련2동,남자인구수 (명),706,1136,1524,1169,1615,1859,1337,548,190,19,1
연수구,옥련2동,여자인구수 (명),722,1042,1341,1225,1647,2046,1287,617,371,74,4
연수구,선학동,남자인구수 (명),463,548,1362,1265,1307,1573,1613,580,211,16,0
연수구,선학동,여자인구수 (명),401,514,1052,965,1047,1707,1516,672,379,79,6
연수구,연수1동,남자인구수 (명),453,845,1709,1495,1835,2156,1513,549,177,18,0
연수구,연수1동,여자인구수 (명),434,691,1320,1004,1334,1820,1265,615,331,63,4
연수구,연수2동,남자인구수 (명),707,827,1749,1673,1463,1805,1501,518,185,24,1
연수구,연수2동,여자인구수 (명),640,812,1511,1524,1538,2031,1471,662,491,102,3
연수구,연수3동,남자인구수 (명),475,613,1096,1138,1024,1355,1316,513,195,20,3
연수구,연수3동,여자인구수 (명),443,586,1087,1010,1123,1666,1317,696,507,123,7
연수구,청학동,남자인구수 (명),590,869,1937,1759,1900,2660,2103,781,309,26,3
연수구,청학동,여자인구수 (명),598,820,1461,1281,1624,2527,1975,957,572,107,3
연수구,동춘1동,남자인구수 (명),1176,1338,1730,1797,2044,2161,1637,469,141,28,0
연수구,동춘1동,여자인구수 (명),1124,1337,1612,1917,2152,2497,1494,473,308,72,4
연수구,동춘2동,남자인구수 (명),676,1001,1310,1331,1345,1591,1177,363,143,16,0
연수구,동춘2동,여자인구수 (명),651,932,1252,1282,1514,1868,1164,440,309,46,1
연수구,동춘3동,남자인구수 (명),739,1457,1309,773,1492,1670,1091,394,150,24,0
연수구,동춘3동,여자인구수 (명),745,1370,1194,991,1826,1702,986,453,266,62,0
연수구,송도1동,남자인구수 (명),1576,2818,3223,2068,3039,3170,1902,576,196,25,0
연수구,송도1동,여자인구수 (명),1493,2679,3182,2264,3577,3186,1760,609,348,98,2
연수구,송도2동,남자인구수 (명),2441,3263,1856,1817,3964,2972,1261,339,130,11,0
연수구,송도2동,여자인구수 (명),2381,3109,1767,2549,4556,2617,1089,421,221,54,3
연수구,송도3동,남자인구수 (명),3412,3096,2982,4258,4902,3110,1588,491,131,16,2
연수구,송도3동,여자인구수 (명),3370,2949,3172,4897,5086,3070,1564,551,264,55,0
연수구,송도4동,남자인구수 (명),1915,1491,1422,2133,2623,1716,860,255,68,3,0
연수구,송도4동,여자인구수 (명),1830,1470,1388,2466,2631,1688,848,244,111,20,2
연수구,송도5동,남자인구수 (명),3286,1886,1991,4288,3943,2364,1357,349,64,8,0
연수구,송도5동,여자인구수 (명),3129,1732,2111,4635,3781,2598,1396,325,159,48,1
남동구,구월1동,남자인구수 (명),1540,1475,2044,2187,2898,2373,1861,752,211,22,0
남동구,구월1동,여자인구수 (명),1443,1589,2077,2329,2686,2638,2048,851,433,108,4
남동구,구월2동,남자인구수 (명),1841,2249,2228,2034,3188,2831,2046,844,243,18,2
남동구,구월2동,여자인구수 (명),1622,2098,2044,2302,3417,2875,2265,933,405,92,7
남동구,구월3동,남자인구수 (명),849,930,2864,3110,2592,2239,1504,615,199,17,0
남동구,구월3동,여자인구수 (명),773,875,3610,2650,2192,2243,1597,758,333,53,1
남동구,구월4동,남자인구수 (명),317,536,1095,902,1190,1451,1178,550,183,9,0
남동구,구월4동,여자인구수 (명),277,437,1041,689,983,1432,1275,709,353,69,3
남동구,간석1동,남자인구수 (명),558,803,1593,1636,1689,1830,1518,773,258,13,0
남동구,간석1동,여자인구수 (명),510,744,1491,1389,1560,1984,1715,1029,500,95,4
남동구,간석2동,남자인구수 (명),783,1087,1498,1367,1919,1953,1489,708,209,33,0
남동구,간석2동,여자인구수 (명),739,1001,1378,1319,1863,1894,1590,841,388,70,3
남동구,간석3동,남자인구수 (명),742,1052,2007,1905,2217,2585,2084,905,318,25,3
남동구,간석3동,여자인구수 (명),746,1011,1936,1705,1956,2553,2228,1099,555,81,5
남동구,간석4동,남자인구수 (명),865,1158,2107,2090,2315,2530,2121,890,273,25,0
남동구,간석4동,여자인구수 (명),858,1133,1994,1898,2183,2607,2161,974,526,109,8
남동구,만수1동,남자인구수 (명),414,549,1150,1194,1215,1619,1398,615,238,18,0
남동구,만수1동,여자인구수 (명),392,529,1053,983,1141,1621,1521,894,572,85,2
남동구,만수2동,남자인구수 (명),830,1230,1701,1442,2060,2058,1675,748,210,20,1
남동구,만수2동,여자인구수 (명),796,1245,1514,1365,2049,2252,1922,834,369,78,2
남동구,만수3동,남자인구수 (명),653,815,1322,1141,1476,1557,1282,546,138,14,0
남동구,만수3동,여자인구수 (명),613,778,1169,1024,1333,1618,1295,613,264,51,3
남동구,만수4동,남자인구수 (명),696,971,1486,1426,1581,1781,1525,661,195,18,2
남동구,만수4동,여자인구수 (명),677,873,1279,1337,1646,1949,1765,751,453,72,5
남동구,만수5동,남자인구수 (명),309,489,1116,1013,1083,1457,1319,646,211,14,0
남동구,만수5동,여자인구수 (명),285,484,1012,773,926,1510,1496,830,334,73,2
남동구,만수6동,남자인구수 (명),705,1118,1782,1445,1708,2289,1864,707,259,23,0
남동구,만수6동,여자인구수 (명),635,1123,1569,1312,1893,2501,1909,904,582,129,6
남동구,장수서창동,남자인구수 (명),752,1144,1260,1155,1702,1643,1497,581,205,18,0
남동구,장수서창동,여자인구수 (명),756,1046,1050,1127,1653,1768,1594,675,323,61,1
남동구,서창2동,남자인구수 (명),2926,2062,1822,3417,4018,2349,2052,803,179,9,1
남동구,서창2동,여자인구수 (명),2762,1819,1813,3663,3683,2623,2210,848,369,68,5
남동구,남촌도림동,남자인구수 (명),634,984,1548,1177,1706,2137,1681,667,226,19,0
남동구,남촌도림동,여자인구수 (명),582,873,1253,1059,1544,2096,1605,766,409,91,3
남동구,논현1동,남자인구수 (명),1366,1839,2229,2330,2914,2818,1837,673,229,22,0
남동구,논현1동,여자인구수 (명),1359,1684,1887,2072,2871,2746,1941,847,434,97,0
남동구,논현2동,남자인구수 (명),1226,1709,2489,2536,2817,2818,1854,837,316,27,3
남동구,논현2동,여자인구수 (명),1120,1600,2105,2024,2747,2867,2076,1052,635,101,7
남동구,논현고잔동,남자인구수 (명),2142,2933,2441,2446,4120,3570,1900,652,218,16,0
남동구,논현고잔동,여자인구수 (명),2053,2970,2258,2758,4504,3312,1856,771,437,68,3
부평구,부평1동,남자인구수 (명),1102,1416,2808,3065,2742,2912,2259,980,407,37,1
부평구,부평1동,여자인구수 (명),1121,1415,3040,2801,2831,3227,2585,1208,680,130,8
부평구,부평2동,남자인구수 (명),380,609,1074,1137,1212,1314,1036,575,165,17,0
부평구,부평2동,여자인구수 (명),409,553,982,941,1124,1319,1220,669,308,43,1
부평구,부평3동,남자인구수 (명),315,442,851,893,978,1140,1063,512,174,21,0
부평구,부평3동,여자인구수 (명),288,398,749,775,862,1125,1107,647,352,67,2
부평구,부평4동,남자인구수 (명),1238,1235,2942,3408,2851,2934,2222,989,338,23,1
부평구,부평4동,여자인구수 (명),1175,1122,3155,3078,2734,3114,2384,1192,608,91,2
부평구,부평5동,남자인구수 (명),1182,1094,2465,3040,2791,2399,1719,746,253,28,1
부평구,부평5동,여자인구수 (명),1166,1105,2571,2700,2400,2665,1993,965,508,86,9
부평구,부평6동,남자인구수 (명),557,471,997,1208,1221,1233,1081,464,199,10,1
부평구,부평6동,여자인구수 (명),473,431,1098,1188,1050,1354,1137,562,331,51,9
부평구,산곡1동,남자인구수 (명),322,506,906,837,915,1264,1095,516,162,15,0
부평구,산곡1동,여자인구수 (명),281,456,739,717,874,1195,1190,583,334,71,3
부평구,산곡2동,남자인구수 (명),1305,1981,2071,1717,2633,2703,1996,797,242,22,0
부평구,산곡2동,여자인구수 (명),1282,1775,1864,1870,2841,2868,2036,884,447,74,3
부평구,산곡3동,남자인구수 (명),601,1063,1540,1179,1495,1894,1753,877,339,35,2
부평구,산곡3동,여자인구수 (명),540,935,1313,1112,1548,2115,1965,1031,690,147,12
부평구,산곡4동,남자인구수 (명),601,882,1298,1054,1268,1531,1212,465,192,19,0
부평구,산곡4동,여자인구수 (명),560,835,1266,1096,1424,1842,1286,587,388,67,0
부평구,청천1동,남자인구수 (명),154,243,487,455,579,816,648,247,57,10,4
부평구,청천1동,여자인구수 (명),160,248,385,361,447,641,545,262,129,31,8
부평구,청천2동,남자인구수 (명),1402,1568,2477,2666,2737,3123,2369,887,320,21,2
부평구,청천2동,여자인구수 (명),1289,1396,2334,2569,2533,3297,2448,1059,561,101,3
부평구,갈산1동,남자인구수 (명),410,693,1358,1198,1221,1605,1218,473,156,8,0
부평구,갈산1동,여자인구수 (명),424,548,1167,1032,1124,1676,1264,567,298,59,3
부평구,갈산2동,남자인구수 (명),559,732,1278,1335,1249,1586,1604,644,172,25,4
부평구,갈산2동,여자인구수 (명),563,664,1185,1296,1209,1894,1624,726,461,101,2
부평구,삼산1동,남자인구수 (명),1167,1741,2451,1931,2681,3160,2245,806,281,35,0
부평구,삼산1동,여자인구수 (명),1060,1698,2183,1882,2839,3269,2277,1084,769,131,2
부평구,삼산2동,남자인구수 (명),1136,2143,1887,1385,2540,2718,1501,507,188,13,0
부평구,삼산2동,여자인구수 (명),1135,2013,1776,1523,3021,2687,1506,729,406,90,4
부평구,부개1동,남자인구수 (명),408,568,1104,1053,1270,1444,1383,730,214,19,0
부평구,부개1동,여자인구수 (명),404,505,950,909,1063,1416,1574,836,383,53,2
부평구,부개2동,남자인구수 (명),650,843,1309,1335,1514,1608,1267,570,196,12,3
부평구,부개2동,여자인구수 (명),663,876,1260,1322,1498,1781,1372,665,336,40,3
부평구,부개3동,남자인구수 (명),918,1609,2338,1910,2366,2873,1952,736,240,25,0
부평구,부개3동,여자인구수 (명),864,1551,2308,2011,2629,3209,1961,908,538,104,2
부평구,일신동,남자인구수 (명),533,560,900,928,953,1018,1044,397,133,11,0
부평구,일신동,여자인구수 (명),462,478,687,809,843,1128,1036,448,227,36,1
부평구,십정1동,남자인구수 (명),437,578,930,873,1083,1387,1105,484,188,17,0
부평구,십정1동,여자인구수 (명),365,512,841,744,1025,1261,1135,618,301,50,3
부평구,십정2동,남자인구수 (명),546,818,1521,1611,1803,2465,2044,853,305,15,2
부평구,십정2동,여자인구수 (명),559,679,1432,1280,1484,2200,1964,984,477,75,12
계양구,효성1동,남자인구수 (명),620,1138,1856,1392,1720,2482,2068,750,261,27,1
계양구,효성1동,여자인구수 (명),597,1033,1591,1295,1739,2543,1997,840,501,79,4
계양구,효성2동,남자인구수 (명),925,1380,2272,1835,2179,2858,2300,823,251,16,0
계양구,효성2동,여자인구수 (명),889,1286,1885,1598,2169,3037,2207,897,462,73,4
계양구,계산1동,남자인구수 (명),410,635,1546,1403,1459,2243,1727,616,189,17,0
계양구,계산1동,여자인구수 (명),344,573,1333,1063,1202,1954,1588,688,408,56,2
계양구,계산2동,남자인구수 (명),288,481,1233,1177,1033,1609,1425,495,147,18,0
계양구,계산2동,여자인구수 (명),308,438,1206,967,963,1753,1424,565,291,64,1
계양구,계산3동,남자인구수 (명),437,762,1669,1451,1113,1855,1496,339,121,16,1
계양구,계산3동,여자인구수 (명),420,691,1590,1383,1360,2319,1478,431,317,55,0
계양구,계산4동,남자인구수 (명),738,1261,1985,1339,1886,2556,1526,310,147,19,1
계양구,계산4동,여자인구수 (명),711,1228,1808,1250,1946,2607,1148,338,348,94,3
계양구,작전1동,남자인구수 (명),864,1363,2198,1761,2117,2706,1991,624,194,25,1
계양구,작전1동,여자인구수 (명),854,1318,1991,1708,2243,2946,2001,756,464,68,0
계양구,작전2동,남자인구수 (명),482,710,1487,1522,1381,1916,1647,587,212,18,1
계양구,작전2동,여자인구수 (명),501,686,1382,1292,1284,2135,1715,730,385,67,1
계양구,작전서운동,남자인구수 (명),1333,1800,2749,2489,2848,3431,2014,555,224,26,1
계양구,작전서운동,여자인구수 (명),1295,1831,2455,2282,3014,3577,1817,754,521,102,4
계양구,계양1동,남자인구수 (명),724,899,1479,1275,1574,2024,1588,572,231,18,0
계양구,계양1동,여자인구수 (명),653,856,1445,1237,1565,2159,1526,710,408,92,1
계양구,계양2동,남자인구수 (명),810,1328,2617,2275,2399,3427,2425,882,325,36,1
계양구,계양2동,여자인구수 (명),802,1319,2318,2016,2485,3578,2321,1229,767,124,4
계양구,계양3동,남자인구수 (명),1325,1492,1384,1729,2682,1926,1383,542,173,23,0
계양구,계양3동,여자인구수 (명),1308,1382,1407,1849,2489,2039,1586,647,311,60,0
서구,검암경서동,남자인구수 (명),2232,2335,3252,4101,4477,3536,2155,838,232,20,2
서구,검암경서동,여자인구수 (명),2102,2092,3058,3879,4039,3513,2181,938,422,100,1
서구,연희동,남자인구수 (명),1120,1769,3453,2627,3105,4262,2996,986,418,43,3
서구,연희동,여자인구수 (명),1115,1660,2949,2226,2951,4224,2723,1282,772,155,8
서구,청라1동,남자인구수 (명),1996,2211,1901,2812,3151,2195,1029,287,109,2,0
서구,청라1동,여자인구수 (명),1771,2199,2033,2794,3309,2054,1006,381,210,35,1
서구,청라2동,남자인구수 (명),3314,3376,2809,3712,5004,3413,1888,554,163,15,0
서구,청라2동,여자인구수 (명),3061,3199,2783,4225,5162,3357,1842,612,301,66,4
서구,청라3동,남자인구수 (명),2380,2038,1709,2637,3227,2065,1153,286,51,7,1
서구,청라3동,여자인구수 (명),2305,1986,1671,2964,3235,2054,1063,318,163,44,0
서구,가정1동,남자인구수 (명),1710,1124,1703,2309,2474,2242,1759,643,154,16,1
서구,가정1동,여자인구수 (명),1494,1026,1632,2384,2149,2345,1764,706,373,85,3
서구,가정2동,남자인구수 (명),159,192,579,479,451,778,578,140,35,5,3
서구,가정2동,여자인구수 (명),167,174,462,414,337,760,508,150,98,30,4
서구,가정3동,남자인구수 (명),204,374,805,641,649,1017,833,220,67,6,3
서구,가정3동,여자인구수 (명),220,341,735,543,606,1182,729,280,188,24,1
서구,석남1동,남자인구수 (명),579,807,1700,1649,1746,2263,1889,735,161,23,2
서구,석남1동,여자인구수 (명),532,735,1439,1267,1412,2280,1888,803,440,78,2
서구,석남2동,남자인구수 (명),318,487,955,828,998,1363,1211,518,138,17,0
서구,석남2동,여자인구수 (명),310,419,726,651,825,1325,1168,550,270,51,2
서구,석남3동,남자인구수 (명),317,580,1102,895,1042,1421,1128,428,114,8,0
서구,석남3동,여자인구수 (명),245,607,937,671,942,1455,1151,510,290,49,2
서구,신현원창동,남자인구수 (명),1356,1457,2150,2163,2572,2871,2317,787,184,13,1
서구,신현원창동,여자인구수 (명),1307,1501,1968,2141,2417,2977,2284,834,395,85,4
서구,가좌1동,남자인구수 (명),316,424,936,901,1014,1338,1029,378,122,9,2
서구,가좌1동,여자인구수 (명),292,417,790,650,774,1121,918,466,244,25,1
서구,가좌2동,남자인구수 (명),685,943,1459,1308,1384,1813,1529,506,158,20,1
서구,가좌2동,여자인구수 (명),631,917,1338,1233,1546,2084,1546,574,367,77,1
서구,가좌3동,남자인구수 (명),340,628,1217,1015,1174,1661,1506,626,215,22,0
서구,가좌3동,여자인구수 (명),328,569,1110,810,1063,1664,1459,651,384,71,3
서구,가좌4동,남자인구수 (명),376,402,638,829,844,976,949,337,97,14,0
서구,가좌4동,여자인구수 (명),378,336,619,763,698,929,812,335,211,38,2
서구,검단동,남자인구수 (명),1309,1703,2449,2484,2984,3103,1949,736,224,14,1
서구,검단동,여자인구수 (명),1220,1667,2182,2073,2760,2800,1805,836,463,76,6
서구,불로대곡동,남자인구수 (명),916,1422,1535,1268,2202,2183,1161,592,253,20,1
서구,불로대곡동,여자인구수 (명),857,1343,1307,1191,2162,1913,1193,749,390,43,2
서구,원당동,남자인구수 (명),1202,1825,1414,1511,2711,2127,890,437,162,12,0
서구,원당동,여자인구수 (명),1120,1680,1347,1573,2736,1660,976,548,262,56,3
서구,당하동,남자인구수 (명),1411,1672,1876,2160,2682,2362,1180,412,170,21,1
서구,당하동,여자인구수 (명),1353,1600,1936,2170,2699,2279,1204,529,281,44,0
서구,오류왕길동,남자인구수 (명),1151,1387,1632,1712,2338,2295,1634,611,193,16,1
서구,오류왕길동,여자인구수 (명),1141,1279,1557,1641,2135,2193,1399,641,368,94,5
서구,마전동,남자인구수 (명),1040,1560,1599,1336,2100,1977,1069,462,153,14,0
서구,마전동,여자인구수 (명),957,1578,1601,1397,2179,1965,1066,538,283,60,0
서구,아라동,남자인구수 (명),592,204,205,809,574,228,129,39,11,2,0
서구,아라동,여자인구수 (명),555,228,265,831,474,226,131,52,20,6,1
강화군,강화읍,남자인구수 (명),781,1069,1248,1092,1621,1912,1822,1098,496,43,0
강화군,강화읍,여자인구수 (명),672,1080,971,1011,1569,1809,1992,1374,853,124,3
강화군,선원면,남자인구수 (명),233,350,391,331,566,680,745,433,198,20,0
강화군,선원면,여자인구수 (명),267,333,298,333,540,646,772,454,301,68,0
강화군,불은면,남자인구수 (명),79,103,179,163,246,416,659,404,189,23,1
강화군,불은면,여자인구수 (명),87,104,135,153,177,397,644,373,292,73,0
강화군,길상면,남자인구수 (명),150,202,282,313,422,646,857,467,194,13,2
강화군,길상면,여자인구수 (명),151,193,196,303,331,666,867,487,274,76,0
강화군,화도면,남자인구수 (명),69,116,145,183,233,359,626,376,171,25,0
강화군,화도면,여자인구수 (명),72,87,105,136,159,391,583,398,232,59,1
강화군,양도면,남자인구수 (명),94,110,144,140,226,383,529,322,180,21,0
강화군,양도면,여자인구수 (명),72,103,105,116,183,341,507,390,272,54,4
강화군,내가면,남자인구수 (명),53,50,89,98,135,254,391,290,128,9,1
강화군,내가면,여자인구수 (명),30,51,67,88,109,256,414,309,198,23,1
강화군,하점면,남자인구수 (명),75,79,132,118,191,334,517,366,222,10,0
강화군,하점면,여자인구수 (명),59,67,81,112,135,286,466,403,309,46,1
강화군,양사면,남자인구수 (명),34,34,54,36,77,183,228,165,102,6,0
강화군,양사면,여자인구수 (명),31,39,38,36,62,140,230,195,144,26,0
강화군,송해면,남자인구수 (명),71,68,109,122,167,301,364,287,132,13,0
강화군,송해면,여자인구수 (명),62,66,85,90,108,244,372,310,243,34,2
강화군,교동면,남자인구수 (명),34,59,96,80,129,286,347,274,160,15,0
강화군,교동면,여자인구수 (명),29,50,57,64,65,229,335,307,216,34,1
강화군,삼산면,남자인구수 (명),43,62,64,65,114,202,323,177,109,8,0
강화군,삼산면,여자인구수 (명),24,36,49,48,71,176,273,213,141,31,1
강화군,서도면,남자인구수 (명),5,10,10,10,14,38,50,42,16,3,0
강화군,서도면,여자인구수 (명),4,7,10,10,7,28,54,28,34,7,0
강화군,서도면볼음출장소,남자인구수 (명),3,2,6,6,10,26,49,29,15,2,0
강화군,서도면볼음출장소,여자인구수 (명),3,1,4,2,3,19,36,32,14,5,0
옹진군,북도면,남자인구수 (명),16,21,45,39,61,117,188,90,29,3,1
옹진군,북도면,여자인구수 (명),19,25,34,31,51,78,164,76,53,12,3
옹진군,북도면장봉출장소,남자인구수 (명),14,14,31,37,65,123,140,80,22,0,1
옹진군,북도면장봉출장소,여자인구수 (명),9,13,20,20,49,87,133,79,39,20,1
옹진군,백령면,남자인구수 (명),169,133,765,350,408,403,426,202,85,18,0
옹진군,백령면,여자인구수 (명),157,153,223,243,214,292,377,222,164,50,2
옹진군,대청면,남자인구수 (명),25,36,136,76,77,113,134,62,36,5,0
옹진군,대청면,여자인구수 (명),23,29,45,45,39,90,101,93,37,7,0
옹진군,대청면소청출장소,남자인구수 (명),0,7,36,7,15,15,28,24,6,0,0
옹진군,대청면소청출장소,여자인구수 (명),2,1,3,3,2,10,20,28,9,4,0
옹진군,덕적면,남자인구수 (명),19,42,83,52,94,214,274,164,68,7,0
옹진군,덕적면,여자인구수 (명),23,39,55,35,56,131,214,177,104,33,1
옹진군,영흥면,남자인구수 (명),150,232,386,382,487,701,796,373,116,11,1
옹진군,영흥면,여자인구수 (명),143,169,191,226,342,550,659,350,181,44,1
옹진군,자월면,남자인구수 (명),14,16,47,25,60,121,117,78,31,3,0
옹진군,자월면,여자인구수 (명),10,14,34,14,27,76,113,79,54,13,1
옹진군,자월면이작출장소,남자인구수 (명),7,7,12,15,16,45,49,35,9,1,0
옹진군,자월면이작출장소,여자인구수 (명),4,10,12,7,16,27,44,29,23,10,0
옹진군,연평면,남자인구수 (명),46,67,361,148,184,204,176,76,29,6,0
옹진군,연평면,여자인구수 (명),52,46,94,68,71,119,154,66,51,16,0
